Workbook
Name Slicer_sector_wise: #N/A
Name Slicer_Stock_name: #N/A

Sheet Raw_Data_Analysis
A1: DATE | B1: SERIES | C1: OPEN | D1: HIGH | E1: LOW | F1: PREV_CLOSE | G1: LTP | H1: CLOSE | I1: VWAP | J1: 52W_H | K1: 52W_L | L1: VOLUME | M1: VALUE | N1: NO_OF_TRADES | O1: Stock_name
A2: 46022 | B2: EQ | C2: 2096 | D2: 2121 | E2: 2090.1 | F2: 2099.8 | G2: 2107 | H2: 2105.6 | I2: 2105.46 | J2: 2174.5 | K2: 1559.5 | L2: 2991434 | M2: 6.2983367e+09 | N2: 129671 | O2: BHARTIAIRTEL
A3: 46021 | B3: EQ | C3: 2077 | D3: 2102.8 | E3: 2071.6 | F3: 2081.6 | G3: 2099.4 | H3: 2099.8 | I3: 2098.35 | J3: 2174.5 | K3: 1559.5 | L3: 6983390 | M3: 1.4653574e+10 | N3: 173712 | O3: BHARTIAIRTEL
A4: 46020 | B4: EQ | C4: 2105.4 | D4: 2112.7 | E4: 2079.4 | F4: 2105.4 | G4: 2081.4 | H4: 2081.6 | I4: 2089.02 | J4: 2174.5 | K4: 1559.5 | L4: 2371034 | M4: 4.9531364e+09 | N4: 129894 | O4: BHARTIAIRTEL
A5: 46017 | B5: EQ | C5: 2123 | D5: 2123 | E5: 2101.8 | F5: 2123.7 | G5: 2106 | H5: 2105.4 | I5: 2108.17 | J5: 2174.5 | K5: 1559.5 | L5: 1297870 | M5: 2.7361293e+09 | N5: 82211 | O5: BHARTIAIRTEL
A6: 46015 | B6: EQ | C6: 2111 | D6: 2137.2 | E6: 2111 | F6: 2122.9 | G6: 2123.5 | H6: 2123.7 | I6: 2127.5 | J6: 2174.5 | K6: 1559.5 | L6: 3145464 | M6: 6.6919754e+09 | N6: 98425 | O6: BHARTIAIRTEL
A7: 46014 | B7: EQ | C7: 2157 | D7: 2164 | E7: 2119.2 | F7: 2147.6 | G7: 2123 | H7: 2122.9 | I7: 2128.23 | J7: 2174.5 | K7: 1559.5 | L7: 4110853 | M7: 8.7488344e+09 | N7: 154127 | O7: BHARTIAIRTEL
A8: 46013 | B8: EQ | C8: 2118 | D8: 2151.7 | E8: 2101.7 | F8: 2097.7 | G8: 2141.5 | H8: 2147.6 | I8: 2137.59 | J8: 2174.5 | K8: 1559.5 | L8: 7670853 | M8: 1.639717e+10 | N8: 236708 | O8: BHARTIAIRTEL
A9: 46010 | B9: EQ | C9: 2113.9 | D9: 2115 | E9: 2082 | F9: 2092 | G9: 2090.9 | H9: 2097.7 | I9: 2095.28 | J9: 2174.5 | K9: 1559.5 | L9: 10127415 | M9: 2.1219798e+10 | N9: 644521 | O9: BHARTIAIRTEL
A10: 46009 | B10: EQ | C10: 2099 | D10: 2116.6 | E10: 2088.1 | F10: 2108 | G10: 2098.3 | H10: 2092 | I10: 2100.49 | J10: 2174.5 | K10: 1559.5 | L10: 3760341 | M10: 7.898569e+09 | N10: 177440 | O10: BHARTIAIRTEL
A11: 46008 | B11: EQ | C11: 2117.6 | D11: 2128 | E11: 2096.4 | F11: 2102 | G11: 2109 | H11: 2108 | I11: 2106.48 | J11: 2174.5 | K11: 1559.5 | L11: 6412516 | M11: 13507842168 | N11: 176177 | O11: BHARTIAIRTEL
A12: 46007 | B12: EQ | C12: 2070.1 | D12: 2106.6 | E12: 2070.1 | F12: 2069.7 | G12: 2104.9 | H12: 2102 | I12: 2097.67 | J12: 2174.5 | K12: 1559.5 | L12: 5756692 | M12: 1.2075653e+10 | N12: 214465 | O12: BHARTIAIRTEL
A13: 46006 | B13: EQ | C13: 2070.1 | D13: 2078.9 | E13: 2061.5 | F13: 2083.4 | G13: 2072 | H13: 2069.7 | I13: 2071.22 | J13: 2174.5 | K13: 1559.5 | L13: 3233614 | M13: 6.6975217e+09 | N13: 176973 | O13: BHARTIAIRTEL
... A2491: 45658 | B2491: EQ | C2491: 4094.4 | D2491: 4134 | E2491: 4085.45 | F2491: 4094.8 | G2491: 4112 | H2491: 4112.45 | I2491: 4112.75 | J2491: 4592.25 | K2491: 3591.5 | L2491: 763161 | M2491: 3.1386921e+09 | N2491: 99498 | O2491: TCS

Sheet Raw_data_annual_summary
A1: DATE | B1: SERIES | C1: OPEN | D1: HIGH | E1: LOW | F1: PREV_CLOSE | G1: LTP | H1: CLOSE | I1: VWAP | J1: 52W_H | K1: 52W_L | L1: VOLUME | M1: VALUE | N1: NO_OF_TRADES | O1: Stock_name | P1: daily return | Q1: sector_wise | R1: Month_Num | S1: Month_Name | T1: annual_return_static
A2: 46022 | B2: EQ | C2: 2096 | D2: 2121 | E2: 2090.1 | F2: 2099.8 | G2: 2107 | H2: 2105.6 | I2: 2105.46 | J2: 2174.5 | K2: 1559.5 | L2: 2991434 | M2: 6.2983367e+09 | N2: 129671 | O2: BHARTIAIRTEL | P2: =F2-C2 -> 3.8 | Q2: Telecom | R2: =MONTH(A2) -> 12 | S2: =TEXT(A2,"mmm") -> Dec | T2: =VLOOKUP(O2, Annual_Summary!A:B, 2, 0) -> 0.31954628
A3: 46021 | B3: EQ | C3: 2077 | D3: 2102.8 | E3: 2071.6 | F3: 2081.6 | G3: 2099.4 | H3: 2099.8 | I3: 2098.35 | J3: 2174.5 | K3: 1559.5 | L3: 6983390 | M3: 1.4653574e+10 | N3: 173712 | O3: BHARTIAIRTEL | P3: =F3-C3 -> 4.6 | Q3: Telecom | R3: =MONTH(A3) -> 12 | S3: =TEXT(A3,"mmm") -> Dec | T3: =VLOOKUP(O3, Annual_Summary!A:B, 2, 0) -> 0.31954628
A4: 46020 | B4: EQ | C4: 2105.4 | D4: 2112.7 | E4: 2079.4 | F4: 2105.4 | G4: 2081.4 | H4: 2081.6 | I4: 2089.02 | J4: 2174.5 | K4: 1559.5 | L4: 2371034 | M4: 4.9531364e+09 | N4: 129894 | O4: BHARTIAIRTEL | P4: =F4-C4 -> 0 | Q4: Telecom | R4: =MONTH(A4) -> 12 | S4: =TEXT(A4,"mmm") -> Dec | T4: =VLOOKUP(O4, Annual_Summary!A:B, 2, 0) -> 0.31954628
A5: 46017 | B5: EQ | C5: 2123 | D5: 2123 | E5: 2101.8 | F5: 2123.7 | G5: 2106 | H5: 2105.4 | I5: 2108.17 | J5: 2174.5 | K5: 1559.5 | L5: 1297870 | M5: 2.7361293e+09 | N5: 82211 | O5: BHARTIAIRTEL | P5: =F5-C5 -> 0.7 | Q5: Telecom | R5: =MONTH(A5) -> 12 | S5: =TEXT(A5,"mmm") -> Dec | T5: =VLOOKUP(O5, Annual_Summary!A:B, 2, 0) -> 0.31954628
A6: 46015 | B6: EQ | C6: 2111 | D6: 2137.2 | E6: 2111 | F6: 2122.9 | G6: 2123.5 | H6: 2123.7 | I6: 2127.5 | J6: 2174.5 | K6: 1559.5 | L6: 3145464 | M6: 6.6919754e+09 | N6: 98425 | O6: BHARTIAIRTEL | P6: =F6-C6 -> 11.9 | Q6: Telecom | R6: =MONTH(A6) -> 12 | S6: =TEXT(A6,"mmm") -> Dec | T6: =VLOOKUP(O6, Annual_Summary!A:B, 2, 0) -> 0.31954628
A7: 46014 | B7: EQ | C7: 2157 | D7: 2164 | E7: 2119.2 | F7: 2147.6 | G7: 2123 | H7: 2122.9 | I7: 2128.23 | J7: 2174.5 | K7: 1559.5 | L7: 4110853 | M7: 8.7488344e+09 | N7: 154127 | O7: BHARTIAIRTEL | P7: =F7-C7 -> -9.4 | Q7: Telecom | R7: =MONTH(A7) -> 12 | S7: =TEXT(A7,"mmm") -> Dec | T7: =VLOOKUP(O7, Annual_Summary!A:B, 2, 0) -> 0.31954628
A8: 46013 | B8: EQ | C8: 2118 | D8: 2151.7 | E8: 2101.7 | F8: 2097.7 | G8: 2141.5 | H8: 2147.6 | I8: 2137.59 | J8: 2174.5 | K8: 1559.5 | L8: 7670853 | M8: 1.639717e+10 | N8: 236708 | O8: BHARTIAIRTEL | P8: =F8-C8 -> -20.3 | Q8: Telecom | R8: =MONTH(A8) -> 12 | S8: =TEXT(A8,"mmm") -> Dec | T8: =VLOOKUP(O8, Annual_Summary!A:B, 2, 0) -> 0.31954628
A9: 46010 | B9: EQ | C9: 2113.9 | D9: 2115 | E9: 2082 | F9: 2092 | G9: 2090.9 | H9: 2097.7 | I9: 2095.28 | J9: 2174.5 | K9: 1559.5 | L9: 10127415 | M9: 2.1219798e+10 | N9: 644521 | O9: BHARTIAIRTEL | P9: =F9-C9 -> -21.9 | Q9: Telecom | R9: =MONTH(A9) -> 12 | S9: =TEXT(A9,"mmm") -> Dec | T9: =VLOOKUP(O9, Annual_Summary!A:B, 2, 0) -> 0.31954628
A10: 46009 | B10: EQ | C10: 2099 | D10: 2116.6 | E10: 2088.1 | F10: 2108 | G10: 2098.3 | H10: 2092 | I10: 2100.49 | J10: 2174.5 | K10: 1559.5 | L10: 3760341 | M10: 7.898569e+09 | N10: 177440 | O10: BHARTIAIRTEL | P10: =F10-C10 -> 9 | Q10: Telecom | R10: =MONTH(A10) -> 12 | S10: =TEXT(A10,"mmm") -> Dec | T10: =VLOOKUP(O10, Annual_Summary!A:B, 2, 0) -> 0.31954628
A11: 46008 | B11: EQ | C11: 2117.6 | D11: 2128 | E11: 2096.4 | F11: 2102 | G11: 2109 | H11: 2108 | I11: 2106.48 | J11: 2174.5 | K11: 1559.5 | L11: 6412516 | M11: 13507842168 | N11: 176177 | O11: BHARTIAIRTEL | P11: =F11-C11 -> -15.6 | Q11: Telecom | R11: =MONTH(A11) -> 12 | S11: =TEXT(A11,"mmm") -> Dec | T11: =VLOOKUP(O11, Annual_Summary!A:B, 2, 0) -> 0.31954628
A12: 46007 | B12: EQ | C12: 2070.1 | D12: 2106.6 | E12: 2070.1 | F12: 2069.7 | G12: 2104.9 | H12: 2102 | I12: 2097.67 | J12: 2174.5 | K12: 1559.5 | L12: 5756692 | M12: 1.2075653e+10 | N12: 214465 | O12: BHARTIAIRTEL | P12: =F12-C12 -> -0.4 | Q12: Telecom | R12: =MONTH(A12) -> 12 | S12: =TEXT(A12,"mmm") -> Dec | T12: =VLOOKUP(O12, Annual_Summary!A:B, 2, 0) -> 0.31954628
A13: 46006 | B13: EQ | C13: 2070.1 | D13: 2078.9 | E13: 2061.5 | F13: 2083.4 | G13: 2072 | H13: 2069.7 | I13: 2071.22 | J13: 2174.5 | K13: 1559.5 | L13: 3233614 | M13: 6.6975217e+09 | N13: 176973 | O13: BHARTIAIRTEL | P13: =F13-C13 -> 13.3 | Q13: Telecom | R13: =MONTH(A13) -> 12 | S13: =TEXT(A13,"mmm") -> Dec | T13: =VLOOKUP(O13, Annual_Summary!A:B, 2, 0) -> 0.31954628
... A2491: 45658 | B2491: EQ | C2491: 4094.4 | D2491: 4134 | E2491: 4085.45 | F2491: 4094.8 | G2491: 4112 | H2491: 4112.45 | I2491: 4112.75 | J2491: 4592.25 | K2491: 3591.5 | L2491: 763161 | M2491: 3.1386921e+09 | N2491: 99498 | O2491: TCS | P2491: =F2491-C2491 -> 0.4 | Q2491: IT | R2491: =MONTH(A2491) -> 1 | S2491: =TEXT(A2491,"mmm") -> Jan | T2491: =VLOOKUP(O2491, Annual_Summary!A:B, 2, 0) -> -0.22036742

Sheet Annual_Summary_data
A1: stock_name | B1: First_close | C1: Last_Close | D1: Annual_return_%
A2: {=_xlfn.UNIQUE(Raw_Data_Analysis!$O$2:$O$2491)} -> BHARTIAIRTEL | B2: {=INDEX(_xlfn._xlws.SORT(_xlfn._xlws.FILTER(_xlfn.HSTACK(Raw_Data_Analysis!A:A, Raw_Data_Analysis!H:H), Raw_Data_Analysis!O:O=A2), 1, 1), 1, 2)} -> 1595.7 | C2: {=INDEX(_xlfn._xlws.SORT(_xlfn._xlws.FILTER(_xlfn.HSTACK(Raw_Data_Analysis!A:A, Raw_Data_Analysis!H:H), Raw_Data_Analysis!O:O=A2), 1, -1), 1, 2)} -> 2105.6 | D2: =(C2 - B2) / B2 -> 0.31954628 | F2: =AVERAGE(B2:B11) -> 1738.95
A3: HCLTECH | B3: {=INDEX(_xlfn._xlws.SORT(_xlfn._xlws.FILTER(_xlfn.HSTACK(Raw_Data_Analysis!A:A, Raw_Data_Analysis!H:H), Raw_Data_Analysis!O:O=A3), 1, 1), 1, 2)} -> 1911.95 | C3: {=INDEX(_xlfn._xlws.SORT(_xlfn._xlws.FILTER(_xlfn.HSTACK(Raw_Data_Analysis!A:A, Raw_Data_Analysis!H:H), Raw_Data_Analysis!O:O=A3), 1, -1), 1, 2)} -> 1623.3 | D3: =(C3 - B3) / B3 -> -0.15097152
A4: HDFCBANK | B4: {=INDEX(_xlfn._xlws.SORT(_xlfn._xlws.FILTER(_xlfn.HSTACK(Raw_Data_Analysis!A:A, Raw_Data_Analysis!H:H), Raw_Data_Analysis!O:O=A4), 1, 1), 1, 2)} -> 1782.75 | C4: {=INDEX(_xlfn._xlws.SORT(_xlfn._xlws.FILTER(_xlfn.HSTACK(Raw_Data_Analysis!A:A, Raw_Data_Analysis!H:H), Raw_Data_Analysis!O:O=A4), 1, -1), 1, 2)} -> 991.2 | D4: =(C4 - B4) / B4 -> -0.44400505
A5: HINDUNILVR | B5: {=INDEX(_xlfn._xlws.SORT(_xlfn._xlws.FILTER(_xlfn.HSTACK(Raw_Data_Analysis!A:A, Raw_Data_Analysis!H:H), Raw_Data_Analysis!O:O=A5), 1, 1), 1, 2)} -> 2322.1 | C5: {=INDEX(_xlfn._xlws.SORT(_xlfn._xlws.FILTER(_xlfn.HSTACK(Raw_Data_Analysis!A:A, Raw_Data_Analysis!H:H), Raw_Data_Analysis!O:O=A5), 1, -1), 1, 2)} -> 2315.9 | D5: =(C5 - B5) / B5 -> -0.002669997
A6: ICICIBANK | B6: {=INDEX(_xlfn._xlws.SORT(_xlfn._xlws.FILTER(_xlfn.HSTACK(Raw_Data_Analysis!A:A, Raw_Data_Analysis!H:H), Raw_Data_Analysis!O:O=A6), 1, 1), 1, 2)} -> 1283.65 | C6: {=INDEX(_xlfn._xlws.SORT(_xlfn._xlws.FILTER(_xlfn.HSTACK(Raw_Data_Analysis!A:A, Raw_Data_Analysis!H:H), Raw_Data_Analysis!O:O=A6), 1, -1), 1, 2)} -> 1342.9 | D6: =(C6 - B6) / B6 -> 0.046157442
A7: INFY | B7: {=INDEX(_xlfn._xlws.SORT(_xlfn._xlws.FILTER(_xlfn.HSTACK(Raw_Data_Analysis!A:A, Raw_Data_Analysis!H:H), Raw_Data_Analysis!O:O=A7), 1, 1), 1, 2)} -> 1882.5 | C7: {=INDEX(_xlfn._xlws.SORT(_xlfn._xlws.FILTER(_xlfn.HSTACK(Raw_Data_Analysis!A:A, Raw_Data_Analysis!H:H), Raw_Data_Analysis!O:O=A7), 1, -1), 1, 2)} -> 1615.4 | D7: =(C7 - B7) / B7 -> -0.14188579
A8: ITC | B8: {=INDEX(_xlfn._xlws.SORT(_xlfn._xlws.FILTER(_xlfn.HSTACK(Raw_Data_Analysis!A:A, Raw_Data_Analysis!H:H), Raw_Data_Analysis!O:O=A8), 1, 1), 1, 2)} -> 483.95 | C8: {=INDEX(_xlfn._xlws.SORT(_xlfn._xlws.FILTER(_xlfn.HSTACK(Raw_Data_Analysis!A:A, Raw_Data_Analysis!H:H), Raw_Data_Analysis!O:O=A8), 1, -1), 1, 2)} -> 403 | D8: =(C8 - B8) / B8 -> -0.16726935
A9: RELIANCE | B9: {=INDEX(_xlfn._xlws.SORT(_xlfn._xlws.FILTER(_xlfn.HSTACK(Raw_Data_Analysis!A:A, Raw_Data_Analysis!H:H), Raw_Data_Analysis!O:O=A9), 1, 1), 1, 2)} -> 1221.25 | C9: {=INDEX(_xlfn._xlws.SORT(_xlfn._xlws.FILTER(_xlfn.HSTACK(Raw_Data_Analysis!A:A, Raw_Data_Analysis!H:H), Raw_Data_Analysis!O:O=A9), 1, -1), 1, 2)} -> 1570.4 | D9: =(C9 - B9) / B9 -> 0.2858956
A10: SBIN | B10: {=INDEX(_xlfn._xlws.SORT(_xlfn._xlws.FILTER(_xlfn.HSTACK(Raw_Data_Analysis!A:A, Raw_Data_Analysis!H:H), Raw_Data_Analysis!O:O=A10), 1, 1), 1, 2)} -> 793.2 | C10: {=INDEX(_xlfn._xlws.SORT(_xlfn._xlws.FILTER(_xlfn.HSTACK(Raw_Data_Analysis!A:A, Raw_Data_Analysis!H:H), Raw_Data_Analysis!O:O=A10), 1, -1), 1, 2)} -> 982.2 | D10: =(C10 - B10) / B10 -> 0.23827534
A11: TCS | B11: {=INDEX(_xlfn._xlws.SORT(_xlfn._xlws.FILTER(_xlfn.HSTACK(Raw_Data_Analysis!A:A, Raw_Data_Analysis!H:H), Raw_Data_Analysis!O:O=A11), 1, 1), 1, 2)} -> 4112.45 | C11: {=INDEX(_xlfn._xlws.SORT(_xlfn._xlws.FILTER(_xlfn.HSTACK(Raw_Data_Analysis!A:A, Raw_Data_Analysis!H:H), Raw_Data_Analysis!O:O=A11), 1, -1), 1, 2)} -> 3206.2 | D11: =(C11 - B11) / B11 -> -0.22036742

Sheet Annual_Summary
C1: NIFTY 10 STOCK PERFORMANCE ANALYSIS - 2025
A3: Stock_Name | B3: Annual_return% | R3: =AVERAGE(B4:B13) -> -0.023729446
A4: BHARTIAIRTEL | B4: 0.31954628 | R4: =INDEX(A4:A13, MATCH(MAX(B4:B13), B4:B13, 0)) -> BHARTIAIRTEL
A5: RELIANCE | B5: 0.2858956 | R5: =INDEX(A4:A13, MATCH(MIN(B4:B13), B4:B13, 0)) -> HDFCBANK
A6: SBIN | B6: 0.23827534
A7: ICICIBANK | B7: 0.046157442
A8: HINDUNILVR | B8: -0.002669997
A9: INFY | B9: -0.14188579
A10: HCLTECH | B10: -0.15097152
A11: ITC | B11: -0.16726935
A12: TCS | B12: -0.22036742
A13: HDFCBANK | B13: -0.44400505

Sheet sector_analysis
G1: Nifty 10 stocks sector wise analysis -2025
Z2: Max of 52W_H | AA2: Min of 52W_L | AB2: Sum of VOLUME
D3: Row Labels | E3: Average of annual_return_static | Z3: 4592.25 | AA3: 390.15 | AB3: 20595148825
D4: BANK | E4: -0.053190755
D5: HDFCBANK | E5: -0.44400505
D6: ICICIBANK | E6: 0.046157442
D7: SBIN | E7: 0.23827534
D8: FMCG | E8: -0.084969671
D9: HINDUNILVR | E9: -0.002669997
D10: ITC | E10: -0.16726935
D11: IT | E11: -0.17107491
D12: HCLTECH | E12: -0.15097152
D13: INFY | E13: -0.14188579
D14: TCS | E14: -0.22036742
D15: OIL & GAS | E15: 0.2858956
... D18: BHARTIAIRTEL | E18: 0.31954628

Sheet monthly_closing_value
A3: Row Labels | B3: Closing_value
A4: Jan | B4: 1724.8724
A5: Feb | B5: 1674.8617
A6: Mar | B6: 1606.6784
A7: Apr | B7: 1612.8545
A8: May | B8: 1691.5302
A9: Jun | B9: 1700.9876
A10: Jul | B10: 1695.625
A11: Aug | B11: 1635.2437
A12: Sep | B12: 1549.3005
A13: Oct | B13: 1559.6717
A14: Nov | B14: 1599.2868
A15: Dec | B15: 1620.6598
